{"version":1,"index":1,"parentId":"FF2FAB57-6F01-40D0-8C71-B782EF61BDBB","color":{"r":0.8901960784313725,"b":0.01568627450980392,"g":0,"a":1}}